Time,data
1692169028.3815985,43.66936492919922
1692169033.266775,47.392337799072266
1692169197.1245077,47.392337799072266
