Time,data
1692169027.9572563,0.6499999761581421
