Time,data
1692169027.9570127,0.05999999865889549
