Time,data
1692169027.9563673,0.800000011920929
1692169027.9566677,0.800000011920929
