Time,data
1692169027.9570017,0.05999999865889549
