Time,layout.dim,layout.data_offset,data_0,data_1
1692169022.7477062,[],0,0.800000011920929,0.30000001192092896
1692169025.4306538,[],0,0.800000011920929,0.4000000059604645
