Time,data
1692169027.9567711,0.4000000059604645
1692169027.9568632,0.4000000059604645
