Time,data
1692169033.2664008,True
1692169197.1242905,False
