Time,data
1692169033.266381,True
1692169197.1242824,False
