Time,data
1714454501.6234045,0.20000000298023224
1714454502.5061686,0.20000000298023224
1714454504.6871471,0.2150000035762787
