Time,data
1714454501.6236126,0.30000001192092896
