Time,data
1714454512.2223222,True
1714454648.4742355,False
