Time,data
1714454501.9033966,0.14112623035907745
1714454512.2226777,0.14112623035907745
1714454648.474588,0.14112623035907745
