Time,data
1714454501.6237884,0.014999999664723873
