Time,layout.dim,layout.data_offset,data_0,data_1
1714454502.5060134,[],0,0.2150000035762787,0.20000000298023224
1714454504.6870015,[],0,0.2150000035762787,0.2150000035762787
