Time,data
1714454501.6237535,0.15000000596046448
