Time,data
1714454501.6236506,0.20000000298023224
