Time,data
1714454501.6232765,0.20000000298023224
1714454502.5061555,0.2150000035762787
1714454504.687108,0.2150000035762787
