Time,data
1714454501.623681,0.20000000298023224
