Time,data
1714454501.6279461,0.014999999664723873
