Time,data
1714454512.222527,True
1714454648.4745271,False
