Time,data
1714454501.6236475,0.10000000149011612
