Time,layout.dim,layout.data_offset,data_0,data_1
1714457283.8121314,[],0,0.2849999964237213,0.20000000298023224
1714457286.9435182,[],0,0.2849999964237213,0.2849999964237213
