Time,data
1714457282.6694171,0.20000000298023224
