Time,data
1714457282.668597,0.20000000298023224
1714457283.8121777,0.20000000298023224
1714457286.9435494,0.2849999964237213
