Time,data
1714457282.6698434,0.20000000298023224
