Time,data
1714457282.6742058,0.014999999664723873
