Time,data
1692168379.9302638,0.800000011920929
1692168379.9304063,0.800000011920929
1692168381.3465943,0.800000011920929
