Time,data
1692168379.9306808,0.05999999865889549
