Time,data
1692168379.9304068,0.30000001192092896
1692168379.930443,0.30000001192092896
1692168381.3466215,0.4000000059604645
