Time,data
1692168380.2436006,-9.210021018981934
1692168385.6341248,-7.875457286834717
1692168455.6007774,-7.875457286834717
