Time,layout.dim,layout.data_offset,data_0,data_1
1692168379.5848892,[],0,0.800000011920929,0.30000001192092896
1692168381.3464518,[],0,0.800000011920929,0.4000000059604645
