Time,data
1692168379.931695,0.05999999865889549
