Time,data
1692168385.6339467,True
1692168455.6006508,False
