Time,data
1692168385.6341105,True
1692168455.6009054,False
