Time,data
1692168379.9317887,0.6499999761581421
