Time,data
1692169342.9426832,0.05999999865889549
