Time,data
1692169342.9428005,0.6499999761581421
