Time,data
1692169342.9422665,0.800000011920929
1692169342.942326,0.800000011920929
