Time,data
1692169342.9426553,0.05999999865889549
