Time,data
1692169343.3071666,27.473596572875977
1692169350.100524,70.07530975341797
1692169483.0038333,70.07530975341797
