Time,data
1692169350.0998545,True
1692169483.0035603,False
