Time,data
1692169342.942336,0.4000000059604645
1692169342.9423597,0.4000000059604645
