Time,data
1692169350.0999873,True
1692169483.0035772,False
