Time,data
1714457116.7182598,0.20000000298023224
