Time,layout.dim,layout.data_offset,data_0,data_1
1714457118.301536,[],0,0.2849999964237213,0.20000000298023224
1714457120.8610337,[],0,0.2849999964237213,0.2849999964237213
