Time,data
1714457116.7186232,0.20000000298023224
