Time,data
1714457116.7184317,0.15000000596046448
