Time,data
1714457116.7180645,0.20000000298023224
1714457118.3024476,0.2849999964237213
1714457120.8611636,0.2849999964237213
