Time,data
1714457117.0562894,0.12885437905788422
1714457127.8340826,0.20248545706272125
1714457256.4592369,0.20248545706272125
