Time,data
1714457127.8340292,True
1714457256.4590971,False
