Time,data
1714457127.8334346,True
1714457256.459125,False
