Time,data
1714457116.7187965,0.014999999664723873
