Time,data
1714457116.7181163,0.20000000298023224
1714457118.3024647,0.20000000298023224
1714457120.8611915,0.2849999964237213
