Time,data
1714457116.7181249,0.30000001192092896
