Time,data
1714457116.71839,0.10000000149011612
