Time,data
1714457294.3506746,True
1714457426.2061007,False
