Time,data
1714457282.6698108,0.15000000596046448
