Time,data
1714457282.669753,0.10000000149011612
