Time,data
1714457283.018132,16.195768356323242
1714457294.3506958,16.244855880737305
1714457426.2061439,16.244855880737305
