Time,data
1714457282.668555,0.20000000298023224
1714457283.812145,0.2849999964237213
1714457286.9435356,0.2849999964237213
