Time,data
1714457294.3508415,True
1714457426.206132,False
