Time,data
1714457282.668628,0.30000001192092896
