Time,data
1714457282.6739993,0.014999999664723873
