Time,layout.dim,layout.data_offset,data_0,data_1
1692168193.78733,[],0,0.800000011920929,0.30000001192092896
1692168195.8579974,[],0,0.800000011920929,0.4000000059604645
