Time,data
1692168196.5664368,0.6499999761581421
