Time,data
1692168196.566212,0.800000011920929
1692168196.566251,0.800000011920929
