Time,data
1692168196.8710232,8.777438163757324
1692168207.0318153,9.536758422851562
