Time,data
1692168196.5663693,0.05999999865889549
