Time,data
1692168196.5665417,0.05999999865889549
