Time,data
1692168199.5490112,True
1692168201.8071573,True
