Time,data
1692168196.5662253,0.4000000059604645
1692168196.5662625,0.4000000059604645
