Time,data
1714455930.9707932,True
1714456069.8025906,False
