Time,layout.dim,layout.data_offset,data_0,data_1
1714455896.7881224,[],0,0.2150000035762787,0.20000000298023224
1714455899.853942,[],0,0.2150000035762787,0.2150000035762787
