Time,data
1714455891.2821536,0.20000000298023224
