Time,data
1714455891.2778876,0.20000000298023224
1714455896.7887993,0.20000000298023224
1714455899.855291,0.2150000035762787
