Time,data
1714455891.282214,0.014999999664723873
