Time,data
1714455891.2778773,0.30000001192092896
