Time,data
1714455891.277823,0.20000000298023224
1714455896.7887807,0.2150000035762787
1714455899.8540888,0.2150000035762787
