Time,data
1714455930.9707944,True
1714456069.8020647,False
