Time,data
1714455891.2818568,0.10000000149011612
