Time,data
1714455891.2818575,0.20000000298023224
