Time,data
1714455891.2778437,0.0
1714455891.6356094,0.09970875084400177
1714455930.9709716,0.11198059469461441
1714456069.802643,0.11198059469461441
