Time,data
1714455891.2821665,0.15000000596046448
