Time,data
1714455891.282517,0.014999999664723873
