Time,data
1692168085.8678534,30.656606674194336
1692168093.8473241,53.018978118896484
1692168165.8648674,53.018978118896484
