Time,data
1692168093.846853,True
1692168165.8644009,False
