Time,data
1692168085.538769,0.05999999865889549
