Time,data
1692168085.5342274,0.800000011920929
1692168085.538196,0.800000011920929
