Time,data
1692168085.5387394,0.05999999865889549
