Time,data
1692168093.8469133,True
1692168165.8644135,False
