Time,data
1692168085.5343862,0.4000000059604645
1692168085.5382495,0.4000000059604645
