Time,data
1692168085.53846,0.6499999761581421
