Time,data
1714454670.5633516,0.20000000298023224
1714454670.5674765,0.20000000298023224
1714454675.2840183,0.2150000035762787
