Time,data
1714454683.181873,True
1714454687.18083,False
1714454701.5793676,True
1714454827.902016,False
