Time,data
1714454670.5675092,0.30000001192092896
