Time,data
1714454683.1818423,True
1714454687.1801333,False
1714454701.5792994,True
1714454827.8981678,False
