Time,data
1714454670.5675287,0.20000000298023224
