Time,data
1714454670.5633192,0.2150000035762787
1714454670.567303,0.2150000035762787
1714454675.2840092,0.2150000035762787
