Time,data
1714454670.5682402,0.20000000298023224
