Time,data
1714454670.5689986,0.014999999664723873
