Time,layout.dim,layout.data_offset,data_0,data_1
1714454670.541188,[],0,0.2150000035762787,0.20000000298023224
1714454675.2839813,[],0,0.2150000035762787,0.2150000035762787
