Time,data
1714454670.5681562,0.15000000596046448
