Time,data
1714454670.5688355,0.014999999664723873
