Time,data
1714454670.896558,0.2761165499687195
1714454683.181895,0.27765053510665894
1714454687.180849,0.27765053510665894
1714454701.5795195,-21.962003707885742
1714454827.9006944,-21.962003707885742
