Time,data
1714454670.5680764,0.10000000149011612
