Time,data
1692168252.4740872,0.6499999761581421
