Time,data
1692168252.4736452,0.30000001192092896
1692168252.4742668,0.30000001192092896
1692168257.8860538,0.4000000059604645
