Time,data
1692168252.4739287,0.05999999865889549
