Time,data
1692168252.473311,0.800000011920929
1692168252.4735332,0.800000011920929
1692168257.886044,0.800000011920929
