Time,data
1692168278.0683084,True
1692168307.922364,False
