Time,data
1692168252.803469,4.417864799499512
1692168278.0692203,9.114913940429688
1692168307.9227948,9.114913940429688
