Time,data
1692168278.0685189,True
1692168307.9224029,False
