Time,layout.dim,layout.data_offset,data_0,data_1
1692168252.3383307,[],0,0.800000011920929,0.30000001192092896
1692168257.8859432,[],0,0.800000011920929,0.4000000059604645
