Time,data
1692168252.4739463,0.05999999865889549
