Time,data
1714455734.472791,True
1714455872.3730893,False
