Time,data
1714455722.4830353,0.20000000298023224
1714455725.1238785,0.2150000035762787
1714455728.3934183,0.2150000035762787
