Time,data
1714455722.4832222,0.014999999664723873
