Time,data
1714455722.4832203,0.10000000149011612
