Time,data
1714455722.483088,0.15000000596046448
