Time,data
1714455722.4830923,0.20000000298023224
