Time,data
1714455734.4728494,True
1714455872.3731122,False
