Time,data
1714455722.483209,0.20000000298023224
