Time,data
1714455722.4830523,0.20000000298023224
1714455725.1238887,0.20000000298023224
1714455728.393432,0.2150000035762787
