Time,data
1714455722.7625444,0.01840776950120926
1714455734.4731286,0.019941750913858414
1714455872.3732588,0.019941750913858414
