Time,layout.dim,layout.data_offset,data_0,data_1
1714455725.1233294,[],0,0.2150000035762787,0.20000000298023224
1714455728.3931818,[],0,0.2150000035762787,0.2150000035762787
