Time,data
1714455722.483064,0.30000001192092896
