Time,data
1692170882.7549777,False
1692170920.4755251,False
